weekday,delayed,count,percent_delayed
Friday,11542,96712,11.934403176441393
Monday,6816,61526,11.078243344277217
Saturday,10308,73445,14.034992171012323
Sunday,12186,66634,18.28796110093946
Thursday,8654,77414,11.178856537577182
Tuesday,14034,101573,13.816663877211463
Wednesday,8546,72519,11.78449785573436
