weekday,delayed,count,percent_delayed
Friday,11536,93334,12.359911714916322
Monday,3948,40977,9.63467310930522
Saturday,10298,70315,14.645523714712366
Sunday,12183,62864,19.379931280223975
Thursday,8643,74420,11.613813490997044
Tuesday,4098,34732,11.798917424853162
Wednesday,5517,43305,12.739868375476274
