weekday,delayed,count,percent_delayed
Friday,11542,96712,11.934403176441393
Monday,5903,58254,10.133209736670443
Saturday,10308,73445,14.034992171012323
Sunday,12186,66634,18.28796110093946
Thursday,8654,77400,11.180878552971576
Tuesday,4098,35942,11.401702743308665
Wednesday,5529,45017,12.282026789879378
