weekday,delayed,count,percent_delayed
Friday,11542,96712,11.934403176441393
Monday,6816,61526,11.078243344277217
Saturday,10308,73445,14.034992171012323
Sunday,12186,66634,18.28796110093946
Thursday,8654,77400,11.180878552971576
Tuesday,8187,68937,11.876060751120589
Wednesday,5529,45056,12.271395596590908
